province,population,pregnant_women,0_28_days,28_days_11_months,6_months_11_months,1_year,0_4_year,1_year_4_years,5_14_years,15_24_years,30_49_years,30_64_years,50_64_years,65_years
Banteay Meanchey,799014,18937,639,17818,9748,18457,91567,73110,128961,147977,148617,102354,102913,44984
Battambang,1218591,27662,975,27175,14379,27053,132826,105652,226414,243353,217762,146962,142819,63123
Kampong Cham,1128110,28654,1015,26736,14778,27752,132779,105027,206557,229909,203173,135937,127025,63513
Kampong Chnang,561350,12181,393,11339,6231,11732,56472,44796,105871,119848,107442,68934,61692,27562
Kampong Speu,824681,18308,660,17318,9566,17978,88406,70428,148525,165926,160071,109930,84117,40244
Kampong Thom,753087,17848,602,16719,9188,17321,83743,66,139246,158826,143463,96998,85475,32609
Kampot,665025,15429,532,14498,7980,15030,72488,57458,102879,133936,125823,83860,80867,33850
Kandal,1204627,26622,964,25056,13853,26020,126606,100586,189608,233336,234300,161420,142507,77939
Koh Kong,132859,2856,93,2697,1488,2790,13206,10416,24712,29521,25469,15810,15332,4584
kratie,377222,10147,339,9431,5168,9770,46700,36930,74577,75218,69069,46323,39571,19087
Mondulkiri,79137,1820,63,1678,926,1741,8396,6655,19602,17616,14767,9409,6505,1701
Phnom Penh,1835729,36,1285,34328,18908,35613,186510,150713,244886,289678,371001,305465,235340,103168
Preah Vihear,263676,8068,264,7488,4113,7752,35464,27712,55266,55767,48464,30270,24706,7831
Prey Veng,1254129,30475,1003,28469,15677,29472,140086,110614,225994,247314,233143,161908,152251,67723
Pursat,487819,13074,439,12342,6781,12781,63124,50392,88344,91271,90442,60685,55514,22098
Ratanakiri,201388,4894,161,4531,2497,4692,23180,18487,46219,41506,37660,24267,16333,6424
Siem Reap,1010622,22941,808,21425,11824,22234,109551,87318,203135,201922,191917,128349,101062,43154
Preah Sihanouk,275964,6816,221,6430,3532,6678,32398,25720,41450,53592,53509,36703,34468,12280
Stung Treng,136371,3873,136,3600,1977,3723,17483,13746,26879,28747,25310,16051,13201,4418
Svay Rieng,625094,13877,500,13002,7126,13502,66385,52883,101140,115517,118705,86075,78137,32130
Takeo,998860,21775,699,20577,11287,21376,103881,82506,159318,200072,194878,134546,109475,62728
Oddar Meanchey,257232,6534,232,6148,3395,6379,30559,24180,45453,57388,48694,29247,29144,7871
Kep,41873,921,29,863,473,892,4351,3459,7596,8844,8002,5330,4472,1855
Pailin,73070,1834,66,1732,957,1798,8556,6759,13379,14826,13701,8754,8790,2302
Tboung Khmum,867394,23073,781,21511,11883,22292,107557,85265,163070,169922,158039,107730,93071,40507
